Rank,City,,,Cost of Living Index,Rent Index,Cost of Living Plus Rent Index,Groceries Index,Restaurant Price Index,Local Purchasing Power Index
1,Hamilton, Bermuda,,137.56,103.03,121.21,126.56,151.77,114.19
2,Zurich, Switzerland,,128.65,62.62,97.39,127.35,127.14,142.39
3,Basel, Switzerland,,126.89,46.14,88.66,120.44,129.1,141.48
4,Lausanne, Switzerland,,119.62,50.35,86.83,116.35,122.83,132.58
5,Bern, Switzerland,,118.42,39.22,80.93,114.54,114.86,115.48
6,Geneva, Switzerland,,118.33,69.16,95.06,112.08,119.78,133.47
7,Reykjavik, Iceland,,112.57,57.4,86.45,98.53,127.87,94.21
8,Lugano, Switzerland,,111.88,49.58,82.39,104.85,120.62,131.26
9,Stavanger, Norway,,111,38.85,76.85,95.97,134.55,112.62
10,Oslo, Norway,,107.14,48.58,79.42,93.81,114.42,104.3
11,Bergen, Norway,,102.87,39.38,72.82,87.02,116.35,108.19
16,Anchorage, AK, United States,93.19,39.45,67.75,96.74,78.76,138.38
13,Trondheim, Norway,,99.73,39.87,71.39,82.31,120.45,113.08
126,Birmingham, AL, United States,71.87,34.03,53.96,69.4,69.34,107.87
285,Huntsville, AL, United States,59.8,28.65,45.06,58.83,60.2,162.04
228,Fayetteville, AR, United States,64.84,25.9,46.41,61.15,67.22,109.58
281,Little Rock, AR, United States,60.31,26.4,44.26,55.44,63.52,144.07
241,Phoenix, AZ, United States,64.31,33.65,49.79,56.58,72.47,146.15
246,Tucson, AZ, United States,63.35,23.63,44.55,52.48,63.98,122.68
20,Copenhagen, Denmark,,87.91,47.84,68.94,64.59,113.18,114.05
14,San Francisco, CA, United States,96.88,106.49,101.43,101.93,94.58,125.95
22,Luxembourg, Luxembourg,,86.85,61.31,74.76,70.75,99.49,120.25
19,Santa Rosa, CA, United States,88.27,56.69,73.32,84.35,82.55,116.47
28,Berkeley, CA, United States,84.09,76.39,80.45,81.99,87.6,119.03
25,Tokyo, Japan,,84.78,36.41,61.89,81.72,54.41,113.09
26,Paris, France,,84.68,47.6,67.13,73.77,88.11,95.38
27,Odense, Denmark,,84.09,23.31,55.32,65.29,112.9,114.26
35,Oakland, CA, United States,81.18,77.14,79.27,77.54,78.55,137.74
47,Irvine, CA, United States,78.38,65.75,72.4,73.87,73.72,135.16
30,Aalborg, Denmark,,82.21,24.92,55.09,62.32,97.34,113.36
31,Amsterdam, Netherlands,,82.14,54.65,69.13,62.35,87.71,98.88
32,Seoul, South Korea,,81.96,33.01,58.79,93.57,50.34,102.63
33,Arhus, Denmark,,81.94,31.71,58.16,61.47,95.15,116.8
34,London, United Kingdom,,81.31,70.3,76.1,57.74,91.85,100.22
49,Long Beach, CA, United States,77.95,55.18,67.17,74.93,77.97,128.82
36,Helsinki, Finland,,80.6,35.69,59.34,61.31,94.99,108.83
51,Los Angeles, CA, United States,77.66,70.45,74.25,71.59,81.71,114.51
38,Singapore, Singapore,,80.4,60.38,70.92,66.82,59.4,99.15
39,Dublin, Ireland,,80.28,60.12,70.73,60.82,87.98,89.32
40,Sydney, Australia,,79.93,62.58,71.72,68.63,69.34,128.25
65,San Jose, CA, United States,76.28,76.61,76.43,71.1,83.14,170.91
72,Santa Barbara, CA, United States,75.55,68.66,72.29,67.52,91.99,124.41
73,Sacramento, CA, United States,75.54,44.29,60.75,69.09,77.91,145.88
44,Tampere, Finland,,79.04,26.21,54.03,68.46,79.47,114.89
45,Milton Keynes, United Kingdom,,78.5,34.45,57.65,71.63,78.53,93.47
46,Grenoble, France,,78.43,23.34,52.35,73.56,72.47,108.39
118,San Diego, CA, United States,72.29,61.06,66.97,64.11,79.21,144.91
48,Lyon, France,,78,27.34,54.02,69.55,72.77,96.07
193,Bakersfield, CA, United States,67.11,28.95,49.05,63.16,70.58,151.58
50,Linz, Austria,,77.8,26.66,53.59,67.39,80.73,99.34
249,Fresno, CA, United States,63.25,30.12,47.57,54.68,76.08,120.12
52,Tel Aviv-Yafo, Israel,,77.39,40.57,59.96,62.34,85.86,93.67
53,Barrie, Canada,,77.37,29.08,54.51,73.87,83.57,99.44
57,Boulder, CO, United States,77.16,53.54,65.98,76.79,68.35,112.76
55,Stockholm, Sweden,,77.23,40.18,59.69,64.74,85.51,115.83
56,Florence, Italy,,77.21,29.07,54.42,63.1,88.19,70.47
123,Denver, CO, United States,72.02,54.09,63.53,67.92,76.9,130.34
58,The Hague (Den Haag), Netherlands,,76.75,35.79,57.36,58.82,84.91,102.3
59,Reading, United Kingdom,,76.73,39.11,58.92,63.73,84.93,125.69
60,Auckland, New Zealand,,76.63,42.9,60.67,66.39,65.02,103.52
61,Jerusalem, Israel,,76.62,34.34,56.6,60.65,85.41,85.39
62,Bordeaux, France,,76.31,26.1,52.54,67.34,77.6,83.45
63,Utrecht, Netherlands,,76.3,37.46,57.92,58.34,88.94,103.12
64,Toulouse, France,,76.3,23.03,51.09,66.45,74.72,105.57
41,Hartford, CT, United States,79.85,41.58,61.73,83.41,72.82,84.71
18,Washington, DC, United States,88.5,70.28,79.87,86.63,86.23,131.53
69,Miami, FL, United States,75.83,57.81,67.3,67.27,81.89,89.99
68,Nice, France,,75.84,29.77,54.03,69.04,84.7,112.81
80,West Palm Beach, FL, United States,74.79,42.16,59.34,70.55,82.5,119.13
70,Brussels, Belgium,,75.69,32.03,55.02,63.45,87.07,100.24
71,Graz, Austria,,75.61,23.23,50.82,71.92,60.92,100.33
131,Fort Myers, FL, United States,71.5,33.45,53.49,68.78,77.88,104.54
139,Jacksonville, FL, United States,70.62,31.36,52.04,69,67.63,132.56
74,Strasbourg, France,,75.47,23.02,50.64,65.79,75.8,100.44
75,Genoa, Italy,,75.38,20.01,49.17,63.25,77.18,77.62
76,Gent, Belgium,,75.27,25.78,51.85,57.88,88.45,94.77
77,Perth, Australia,,75.09,33.44,55.38,65.24,79.28,139.93
78,Antwerp, Belgium,,74.88,25.38,51.45,61.2,86.36,97.3
142,Saint Petersburg, FL, United States,70.49,40.59,56.33,66.03,72.96,127.77
150,Orlando, FL, United States,70.18,38.43,55.15,68.5,69.67,130.1
81,Hong Kong, Hong Kong,,74.73,78.33,76.44,74.88,54.05,76.49
82,Innsbruck, Austria,,74.66,30.67,53.84,61.87,71.5,95.54
83,Leuven, Belgium,,74.58,28.04,52.55,59.51,80.36,96.92
84,Leiden, Netherlands,,74.56,33.8,55.26,56.34,84.44,93.41
85,Osaka, Japan,,74.53,22.37,49.84,68.32,46.37,102.1
86,Melbourne, Australia,,74.53,42.73,59.48,67.1,70.76,131.85
87,Bath, United Kingdom,,74.48,34.6,55.6,61.79,81.23,125.99
179,Tampa, FL, United States,68.61,39.54,54.85,65.38,72.99,140.97
89,Saskatoon, Canada,,74.26,26.16,51.49,72.37,65.25,103.89
192,Tallahassee, FL, United States,67.24,26.47,47.94,71.3,59.97,128.82
243,Gainesville, FL, United States,63.62,29.02,47.24,60.52,58.47,106.34
92,Rotterdam, Netherlands,,74.08,33.42,54.83,53.99,81.15,111.02
93,Montpellier, France,,74.08,24.82,50.76,62.71,70.81,94.37
94,St. John's, NL, Canada,74.05,21.8,49.32,70.28,81.11,96.78
95,Milan, Italy,,73.89,39.56,57.63,59.19,84.57,74.87
96,Maastricht, Netherlands,,73.87,32.1,54.1,59.93,72.83,104.75
122,Atlanta, GA, United States,72.05,46.89,60.14,66.94,73.06,150.38
98,Munich, Germany,,73.79,45.18,60.25,56.28,80.5,114.57
99,Espoo, Finland,,73.78,31.47,53.75,58.58,90.89,121.22
15,Honolulu, HI, United States,93.72,63.96,79.63,96.32,86.72,113.58
101,Galway, Ireland,,73.54,34.02,54.83,61.77,75.27,94.56
102,Cork, Ireland,,73.53,37.58,56.51,57.77,74.67,109.85
103,Padova, Italy,,73.49,21.74,48.99,60.51,72.3,80.96
104,Haifa, Israel,,73.42,19.47,47.88,55.23,86.23,100.6
264,Des Moines, IA, United States,62.21,33.57,48.66,57.09,63.36,128.68
106,Burlington, Canada,,73.13,32.42,53.86,64.86,72.71,119.67
107,Aberdeen, United Kingdom,,73.02,27.95,51.69,57.21,90.52,128.24
108,Dusseldorf, Germany,,73,32.84,53.99,53.33,67.2,115.58
288,Boise, ID, United States,59.43,30.85,45.9,50.93,63.79,120.44
110,Adelaide, Australia,,72.92,31.99,53.54,67.23,68.26,127.17
111,Eindhoven, Netherlands,,72.82,34.1,54.49,56.19,83.88,121.84
112,Cambridge, United Kingdom,,72.6,43.84,58.99,54.62,86.14,106.28
113,Oxford, United Kingdom,,72.6,48.82,61.34,51.41,77.46,87.88
114,Darwin, Australia,,72.47,35.59,55.01,64.71,78.11,122.21
54,Chicago, IL, United States,77.33,55.53,67.01,70.69,78.52,133.7
116,Nantes, France,,72.37,21.78,48.42,62.75,71.65,104.62
117,Groningen, Netherlands,,72.29,28.84,51.72,58.44,81.94,96.13
157,Peoria, IL, United States,69.84,25.55,48.88,68.44,63.92,118.14
119,Ramat Gan, Israel,,72.15,33.39,53.8,54.27,79.83,112.68
120,Hamburg, Germany,,72.15,35.25,54.68,54.35,70.09,113.28
137,Indianapolis, IN, United States,70.79,34.81,53.76,67.2,71.87,109.93
214,Fort Wayne, IN, United States,65.88,21.74,44.98,70.07,63.82,124.37
250,Wichita, KS, United States,63.18,23.45,44.38,57.3,64.33,135.99
282,Louisville, KY, United States,60.24,26.86,44.44,53.87,66.45,123.93
125,Hamilton, New Zealand,,71.91,23.11,48.81,61.23,71.79,114.79
286,Lexington, KY, United States,59.64,24.86,43.17,54.5,60.08,141.91
127,Frankfurt, Germany,,71.64,34.99,54.29,53.12,74.5,132.91
128,Wellington, New Zealand,,71.52,39.68,56.45,63.85,64.54,116.39
100,New Orleans, LA, United States,73.61,41.21,58.27,67,86.02,106.74
130,Trieste, Italy,,71.51,19.64,46.96,64.67,71.2,91.24
37,Boston, MA, United States,80.46,76.09,78.39,75.71,83.08,124.57
132,Newcastle, Australia,,71.42,37.63,55.43,63.56,79.19,142.12
133,Portsmouth, United Kingdom,,71.04,31.44,52.29,51.81,87.08,107.73
134,Halifax, Canada,,70.88,28.05,50.6,72.43,61.05,99.86
135,Vienna, Austria,,70.86,32.48,52.7,63.61,67.94,104.56
136,Heidelberg, Germany,,70.82,33.51,53.16,53.85,66.51,135.3
97,Baltimore, MD, United States,73.85,42.89,59.2,68.71,77.01,127.77
138,Edinburgh, United Kingdom,,70.73,33.44,53.08,58.75,80.86,110.16
79,Portland, ME, United States,74.81,42.4,59.47,72.45,85.71,122.77
194,Ann Arbor, MI, United States,67.06,47.59,57.84,60.7,58.5,128.99
245,Grand Rapids, MI, United States,63.47,31.04,48.12,55.26,71.44,129.66
256,Detroit, MI, United States,62.77,34.22,49.25,56.21,51.65,97.41
109,Minneapolis, MN, United States,72.93,46.18,60.27,68.29,75.64,133.75
144,Brisbane, Australia,,70.46,39.13,55.63,60.45,69.33,134.54
145,Male, Maldives,,70.45,31.96,52.23,71.79,39.36,28.32
146,Sliema, Malta,,70.33,35.72,53.94,55.05,82.28,70.43
124,Saint Paul, MN, United States,71.94,45.24,59.3,70.22,74.59,111.58
148,Christchurch, New Zealand,,70.23,26.28,49.42,61,70.54,111.52
149,Toronto, Canada,,70.19,44.28,57.92,64.15,67.53,99.45
172,Saint Louis, MO, United States,69.02,29.42,50.28,65.14,71.31,149.05
151,Dunedin, New Zealand,,70.16,21.81,47.27,60.78,64.07,112.89
152,Turku, Finland,,70.13,22.11,47.4,53.18,81.05,126.99
153,Plymouth, United Kingdom,,70.02,20.31,46.49,58.63,71.32,111.9
154,Swindon, United Kingdom,,69.92,29.46,50.77,49.5,81.79,128.46
155,Canberra, Australia,,69.88,40.63,56.03,63.26,70.06,153.77
156,Manchester, United Kingdom,,69.86,30.37,51.17,52.69,80.84,107.7
218,Kansas City, MO, United States,65.74,30.53,49.07,58.43,68.12,138.6
158,Gothenburg, Sweden,,69.77,29.33,50.62,60.31,75.49,122.33
277,Springfield, MO, United States,60.56,18.66,40.73,60.68,61.21,102.88
160,Vancouver, Canada,,69.63,49.26,59.98,66.65,67.35,94.65
161,Limerick, Ireland,,69.63,28.14,49.99,60.78,67.61,98.85
162,Bristol, United Kingdom,,69.58,36.53,53.93,52.44,87.3,117.2
163,Brighton, United Kingdom,,69.54,42.42,56.7,52.95,78.93,87.36
164,Bologna, Italy,,69.5,24.03,47.98,54.96,78.34,85.6
165,York, United Kingdom,,69.33,28.87,50.18,55.98,78.14,113.55
166,Karlsruhe, Germany,,69.26,21.71,46.75,52.43,74.86,161.95
105,Charlotte, NC, United States,73.33,41.65,58.33,69.21,76.67,142.25
168,Bonn, Germany,,69.14,27.28,49.32,52.2,67.8,112.56
169,Hobart, Australia,,69.1,27.95,49.62,64.66,76.92,124.03
129,Asheville, NC, United States,71.52,37.19,55.27,71.47,70.69,104.81
171,Rome, Italy,,69.03,36.69,53.72,55.28,78.14,72.99
167,Raleigh, NC, United States,69.18,36.18,53.56,71.88,66.4,155.96
173,Bremen, Germany,,68.93,21.86,46.65,53.13,67.53,126.88
174,Calgary, Canada,,68.93,29.85,50.43,60.75,71.93,138.51
236,Greensboro, NC, United States,64.46,27.34,46.89,63.03,61.8,133.53
176,Brampton, Canada,,68.79,28.91,49.91,68.6,58.42,99.86
29,Jersey City, NJ, United States,84.08,61.58,73.43,86.08,81.44,120.46
178,Uppsala, Sweden,,68.75,25.43,48.24,58.12,76.33,122.17
240,Albuquerque, NM, United States,64.32,27.29,46.79,64.42,63.21,128.27
180,Regina, Canada,,68.46,28,49.31,66.75,59.29,112.05
181,Mannheim, Germany,,68.35,22.17,46.49,52,66.93,141.04
182,Leeds, United Kingdom,,68.26,28.05,49.23,53.36,80.41,119.62
197,Las Vegas, NV, United States,66.98,29.55,49.27,59.56,72.2,144.4
184,Berlin, Germany,,67.75,31.64,50.65,52.31,58.53,112.36
185,Lille, France,,67.73,22.98,46.55,52.7,66.87,97.87
284,Reno, NV, United States,59.84,38.03,49.51,51.96,62.27,136.81
187,Stuttgart, Germany,,67.46,33.3,51.29,49.06,64.14,130.11
188,Coquitlam, Canada,,67.43,35.02,52.09,66.05,58.84,124.45
189,Red Deer, Canada,,67.42,23.58,46.66,55.68,65.18,140.16
190,Cologne, Germany,,67.36,29.64,49.51,51.53,66.42,133.27
191,Aachen, Germany,,67.33,22.76,46.23,52.03,59.44,134.85
12,New York, NY, United States,100,100,100,100,100,100
17,Brooklyn, NY, United States,90.31,81.02,85.91,83.16,95.27,87.05
42,Albany, NY, United States,79.38,31.01,56.48,77.5,77.64,108.77
195,Nottingham, United Kingdom,,67.05,23.63,46.5,54.03,66.6,106.22
196,Edmonton, Canada,,67.03,29.22,49.13,60.51,69.57,129.45
140,Buffalo, NY, United States,70.59,29.3,51.04,62.31,72.75,111.16
147,Rochester, NY, United States,70.25,30.81,51.58,69.88,71.98,91.12
199,Turin, Italy,,66.68,20.97,45.04,52.98,72.24,86.7
186,Syracuse, NY, United States,67.55,33.6,51.48,63.81,68.6,94.96
201,Kelowna, Canada,,66.6,33.08,50.73,62.58,61.82,108.98
202,Exeter, United Kingdom,,66.56,29.55,49.04,48.27,78.62,87.24
203,Glasgow, United Kingdom,,66.5,27.49,48.04,51.88,75.35,121.47
159,Cleveland, OH, United States,69.65,28.24,50.05,62.06,69.68,105.12
205,Kingston, Canada,,66.45,26.88,47.72,64.5,60.41,113.98
206,Nuremberg, Germany,,66.44,24.08,46.39,50.1,66.17,120.91
207,Coventry, United Kingdom,,66.31,26.92,47.66,52.61,68.35,138.99
198,Columbus, OH, United States,66.9,36.92,52.71,58.94,66.04,128.77
209,Victoria, Canada,,66.17,38.1,52.88,65.05,59.95,106.89
210,Malmo, Sweden,,66.14,26.09,47.18,56.6,72.21,107.14
215,Dayton, OH, United States,65.84,21.97,45.07,62.6,64.97,91.21
212,Leipzig, Germany,,66.04,19.98,44.24,50.44,57.36,90.74
213,Dresden, Germany,,65.92,21.68,44.98,50.52,56.77,131.77
259,Cincinnati, OH, United States,62.65,31.03,47.68,52.4,63.41,137.31
280,Toledo, OH, United States,60.35,21.26,41.84,50.89,55.69,125.57
216,San Juan, Puerto Rico,,65.79,24.43,46.21,59.19,56.46,110.36
217,Taipei, Taiwan,,65.75,22.74,45.39,73.78,32.95,95.59
258,Tulsa, OK, United States,62.67,26.87,45.72,59.49,62.36,129.54
219,Leicester, United Kingdom,,65.59,22.41,45.15,51.01,71.76,107.34
220,Oshawa, Canada,,65.44,27.37,47.42,55.97,68.51,119.92
221,Nanaimo, BC, Canada,65.28,24.29,45.88,68.45,58.51,100.45
270,Oklahoma City, OK, United States,61.72,25.72,44.68,60.18,56.84,136.21
223,Palma de Mallorca, Spain,,65.17,27.12,47.16,50.72,66.04,78.81
224,Mississauga, Canada,,65.08,35.79,51.22,58.39,60.01,112.72
225,Quebec City, Canada,,65.07,16.1,41.89,62.78,60.07,140.18
226,Norwich, United Kingdom,,64.95,23.69,45.42,48.98,76.45,92.06
227,Burnaby, Canada,,64.94,40.95,53.59,58.52,59.61,151.02
91,Portland, OR, United States,74.17,50.67,63.05,69.19,71.6,126.03
229,Naples, Italy,,64.82,18.34,42.82,56.22,59.15,68.8
230,Derby, United Kingdom,,64.7,19.76,43.43,51.11,67.14,146.98
231,Marseille, France,,64.64,23.63,45.23,54.31,63.64,92.65
232,Kingston, Jamaica,,64.59,15.89,41.54,64.91,41.79,29.03
233,Hanover, Germany,,64.57,22.82,44.8,53.06,60,152.96
115,Eugene, OR, United States,72.46,30.44,52.57,78.36,67.68,99.5
235,Gold Coast, Australia,,64.53,37.37,51.68,59.94,64.12,129.83
211,Salem, OR, United States,66.04,28.93,48.48,61.63,63.28,125.24
237,Birmingham, United Kingdom,,64.46,30.5,48.38,48.03,80.25,106.94
238,Windsor, Canada,,64.42,21.98,44.33,51.65,68.38,109.87
43,Philadelphia, PA, United States,79.25,49.35,65.1,74.58,74.75,109.34
67,Pittsburgh, PA, United States,76.04,38.23,58.15,71.89,66.74,114.28
21,Charleston, SC, United States,86.87,46.12,67.58,90.86,73.48,106.06
242,Southampton, United Kingdom,,63.73,31.44,48.45,48.32,70.79,139.02
208,Columbia, SC, United States,66.23,27.73,48.01,65.6,67.08,124.84
244,Montreal, Canada,,63.52,25.25,45.4,60.69,61.07,117.12
177,Nashville, TN, United States,68.78,49.17,59.5,64.1,76.79,136.29
204,Memphis, TN, United States,66.49,26.58,47.6,59.36,70.42,125.07
248,Chattanooga, TN, United States,63.28,29.58,47.33,57.19,60.41,124.02
274,Knoxville, TN, United States,60.97,28.75,45.72,59.45,59.43,116.61
143,Austin, TX, United States,70.49,50.35,60.96,65.81,78.34,151.25
170,Arlington, TX, United States,69.07,30.98,51.04,64.58,62.75,141.64
251,Winnipeg, Canada,,63.15,23.7,44.48,57.33,58.5,115.79
252,Cagliari, Italy,,63.15,19.23,42.36,55.09,64.01,88.55
222,Fort Worth, TX, United States,65.19,35.53,51.15,56.86,70.27,140.43
254,Ottawa, Canada,,62.88,30.26,47.44,54.7,62.1,144.7
255,Doha, Qatar,,62.81,56.39,59.77,51.33,61.18,139.76
239,Dallas, TX, United States,64.32,43.15,54.3,58.5,68.02,153.42
257,Newcastle upon Tyne, United Kingdom,,62.76,22.89,43.89,45.04,70.56,133.83
262,Lubbock, TX, United States,62.4,24.28,44.35,56.8,64.34,135.19
265,Houston, TX, United States,62.16,43.11,53.14,54.36,72.49,155.88
260,Sheffield, United Kingdom,,62.64,23,43.88,49.09,71.97,119.46
261,Belfast, United Kingdom,,62.42,22.62,43.58,50.78,77.19,100.69
289,El Paso, TX, United States,59.37,22.16,41.76,54.07,59.41,131.7
263,Taichung, Taiwan,,62.23,13.02,38.94,72.88,28.17,65.41
294,San Antonio, TX, United States,58.12,31.26,45.41,55.2,52.09,150.96
253,Salt Lake City, UT, United States,62.94,35.8,50.1,55.93,66.1,150.76
266,Barcelona, Spain,,62.15,32.44,48.09,48.06,60.42,80.46
267,Cardiff, United Kingdom,,62.12,28.79,46.34,52.3,67.16,116.48
268,Liverpool, United Kingdom,,62,24.72,44.35,44.7,67.48,121.31
269,Abu Dhabi, United Arab Emirates,,61.94,58.43,60.28,50.11,63.2,116.42
183,Virginia Beach, VA, United States,67.86,35.84,52.7,62.06,71.73,161.28
271,Palermo, Italy,,61.16,16.75,40.14,50.93,59.39,80.13
272,Moncton, Canada,,61.15,17.69,40.58,54.08,60.71,112.73
273,Nicosia, Cyprus,,60.97,17.72,40.5,46.7,70.81,74.05
234,Richmond, VA, United States,64.56,35.24,50.68,63.54,62.47,132.62
275,Beirut, Lebanon,,60.79,32.31,47.31,42.01,64.39,54.43
276,Hamilton, Canada,,60.75,26.34,44.46,53.08,62.2,127.16
66,Burlington, VT, United States,76.11,41.81,59.87,73.17,78.69,76.97
23,Bellevue, WA, United States,85.97,61.2,74.24,78.24,82.29,186
279,Athens, Greece,,60.44,12.73,37.85,44.92,62.38,52.48
24,Seattle, WA, United States,85.51,64.7,75.66,83.72,80.27,140
88,Everett, WA, United States,74.36,43.44,59.72,72.61,73.78,119.38
90,Tacoma, WA, United States,74.21,38.62,57.36,71.42,71.47,130.05
283,Madrid, Spain,,60.12,31.59,46.62,45.69,64.44,91.36
121,Bellingham, WA, United States,72.14,34.17,54.17,68.93,71.96,114.33
141,Olympia, WA, United States,70.57,40.4,56.28,60.02,78.68,135.82
200,Spokane, WA, United States,66.6,28.33,48.49,59.19,68.65,124.45
287,Port of Spain, Trinidad And Tobago,,59.6,19.73,40.73,55.83,53.74,51.2
278,Vancouver, WA, United States,60.46,35.97,48.87,50.54,61.81,153.07
175,Milwaukee, WI, United States,68.81,35.57,53.07,63.74,71.41,107.87
290,Surrey, Canada,,59.18,30.36,45.54,51.61,57.55,93.91
291,London, Canada,,59.15,23.08,42.08,47.61,63.25,118.79
292,Abbotsford, Canada,,58.95,25.01,42.89,54.08,59.78,111.27
293,Kitchener, Canada,,58.93,25.38,43.05,51.13,58.73,129.74
247,Madison, WI, United States,63.3,37.52,51.09,56.66,65.73,144.61
295,Montevideo, Uruguay,,58.05,17.98,39.09,44.97,56.33,50.08
296,Zaragoza (Saragossa), Spain,,58,18.18,39.15,45.42,55.82,83.22
297,Thessaloniki, Greece,,57.97,11.28,35.86,43.49,58.35,49.84
298,San Jose, Costa Rica,,57.84,18.15,39.05,54,50.33,53.97
299,Limassol, Cyprus,,57.71,25.14,42.29,44.64,61.39,77.56
300,Accra, Ghana,,57.23,36.27,47.31,50.61,35.26,14.15
301,Kaohsiung, Taiwan,,56.44,9.66,34.3,63.9,25.32,110.16
302,Ljubljana, Slovenia,,56.34,19.1,38.71,44.61,50.53,78.01
303,Valencia, Spain,,55.27,19.3,38.24,43.85,52.36,90.32
304,Manama, Bahrain,,55.23,28.59,42.62,47.89,54.77,72.63
305,Tallinn, Estonia,,55.23,17.81,37.51,37.57,60.44,74.16
306,Panama City, Panama,,54.91,30.02,43.13,48.72,56.33,43.49
307,Amman, Jordan,,54.72,12.29,34.63,43.18,53.3,45.41
308,Seville (Sevilla), Spain,,54.7,20.25,38.39,43.86,53.13,83.49
309,Larnaca, Cyprus,,54.31,11.52,34.06,41.24,61.99,80.84
310,Lisbon, Portugal,,54.16,29.92,42.69,42.2,48.79,55.01
311,Alicante, Spain,,53.9,15.68,35.81,42.74,53.97,80.73
312,Split, Croatia,,53.62,13.41,34.59,42.31,50.28,51.11
313,Bangkok, Thailand,,53.61,25.72,40.41,52.65,29.92,44.5
314,Sharjah, United Arab Emirates,,53.45,27.86,41.34,42.29,40.54,102.11
315,Dubai, United Arab Emirates,,53.32,49.32,51.42,37.47,54.61,153.68
316,Rijeka, Croatia,,52.96,11.34,33.26,41.96,42.72,54.56
317,Zagreb, Croatia,,52.2,14.69,34.44,41.94,43.99,66.88
318,Makati, Philippines,,51.07,23.04,37.8,53.5,26.37,44.96
319,Coimbra, Portugal,,51.07,13.59,33.33,40.31,39.91,72.57
320,Muscat, Oman,,51.04,24.72,38.58,41.46,53.53,94.38
321,Al Khobar, Saudi Arabia,,51.03,14.18,33.58,43.3,35.34,118.44
322,Funchal, Portugal,,50.9,17.76,35.21,38.92,37.82,54.47
323,Riga, Latvia,,50.82,13.56,33.18,36.36,47.56,56.56
324,Porto, Portugal,,50.43,21.87,36.91,39.5,42.58,59.38
325,Shanghai, China,,50.41,34.08,42.68,51.66,38.61,72.16
326,Granada, Spain,,50.41,14.72,33.52,37.44,51.53,92.4
327,Malaga, Spain,,50.38,20.51,36.24,40.51,53,87.9
328,Santiago, Chile,,50.37,17.21,34.68,40.37,50.49,51.83
329,Jeddah (Jiddah), Saudi Arabia,,49.99,12.25,32.12,37.48,34.96,117.3
330,Addis Ababa, Ethiopia,,49.96,28.77,39.93,39.26,25.06,11.84
331,Tartu, Estonia,,49.65,13.67,32.62,37.77,44.56,83.33
332,Havana, Cuba,,49.52,9.56,30.6,35.26,28.8,2.24
333,Quito, Ecuador,,49.42,14.79,33.03,45.13,37.3,40.02
334,Maribor, Slovenia,,49.3,10.8,31.08,38.45,41.88,90.05
335,Santa Cruz de Tenerife, Spain,,48.69,17.39,33.87,37.32,53.01,90.92
336,Riyadh, Saudi Arabia,,48.68,14.06,32.3,38.42,34.25,125.38
337,Bratislava, Slovakia,,48.64,22.28,36.16,39.84,42.14,71.93
338,Braga, Portugal,,48.55,12.92,31.69,38.22,34.8,64.3
339,Ad Dammam, Saudi Arabia,,48.43,12.46,31.4,40.41,32.03,133.28
340,Vilnius, Lithuania,,48.31,17.05,33.51,35.05,48.83,61.08
341,Prague, Czech Republic,,48.02,23.87,36.59,39.22,37.83,77.71
342,Bandar Seri Begawan, Brunei,,48.01,24,36.64,46.01,33.42,105.16
343,Harare, Zimbabwe,,47.78,13.31,31.46,40.14,34.75,27.7
344,Las Palmas de Gran Canaria, Spain,,47.39,19.71,34.29,39,47.2,91
345,San Salvador, El Salvador,,47.22,15.92,32.4,45.6,35.92,32.08
346,Guayaquil, Ecuador,,47.21,14.87,31.9,39.27,36.69,35.23
347,Baghdad, Iraq,,47.17,14.09,31.51,37.22,40.6,44.1
348,Phuket, Thailand,,46.98,15.25,31.96,47.75,28.58,58.71
349,Klaipeda, Lithuania,,46.98,10.79,29.85,36.3,43.53,58.45
350,Kosice, Slovakia,,46.27,15.3,31.61,36.56,34.18,61.88
351,Pretoria, South Africa,,45.89,13.92,30.75,34.99,42.21,83.65
352,Santo Domingo, Dominican Republic,,45.88,11.73,29.72,35.34,43.65,32.05
353,Kaunas, Lithuania,,45.88,11.73,29.71,34.52,41.31,61.43
354,Windhoek, Namibia,,45.84,20.34,33.77,40.21,43.45,55.74
355,Phnom Penh, Cambodia,,45.67,17.63,32.4,45.08,25.71,22.53
356,Johannesburg, South Africa,,45.51,17.34,32.18,35.68,42.93,108.84
357,Osijek, Croatia,,44.95,7.51,27.23,35.73,33.88,60.74
358,Brno, Czech Republic,,44.59,18.2,32.1,36.98,32.93,75.09
359,Moscow, Russia,,44.54,29.31,37.33,33.29,48.98,59.51
360,Selangor, Malaysia,,44.53,8.87,27.65,40.31,25.83,91.05
361,Campinas, Brazil,,44.45,12.25,29.21,30.99,42.79,52.58
362,Guatemala City, Guatemala,,44.39,14.77,30.37,39.08,34.49,39.76
363,Dar es Salaam, Tanzania,,44.33,22.22,33.87,30.77,32.43,29.36
364,Petaling Jaya, Malaysia,,44.31,12.11,29.07,48.95,22.16,73.49
365,Sao Paulo, Brazil,,44.16,16.59,31.11,32.25,38.79,41.16
366,Rio de Janeiro, Brazil,,44.12,16.19,30.89,29.67,40.01,36.57
367,Brasilia, Brazil,,44.02,13.9,29.76,34.36,42.56,63.24
368,Penang, Malaysia,,43.98,10.13,27.96,45.3,24.7,76.04
369,Beijing, China,,43.88,31.5,38.02,37.61,35.68,79.45
370,Budapest, Hungary,,43.74,16.04,30.63,33.14,35.79,57.49
371,Gdansk, Poland,,42.82,16.42,30.32,30.83,38.37,76.2
372,Johor Bahru, Malaysia,,42.59,9.83,27.09,50.21,23.81,59.51
373,Pattaya, Thailand,,42.53,19.18,31.48,43.07,27.58,28.42
374,Irbil, Iraq,,42.51,11.69,27.92,36.73,30.83,51.76
375,Kuala Lumpur, Malaysia,,42.44,16.7,30.25,41.63,25.04,82.84
376,Warsaw, Poland,,42.32,20.6,32.04,31.63,39.89,76.34
377,Shenzhen, China,,42.21,25.64,34.37,39.71,29.22,86.03
378,Kuching, Malaysia,,42.15,5.74,24.92,42.98,18.94,40.85
379,Kota Kinabalu, Malaysia,,42.15,12.08,27.92,42.93,22.28,41.36
380,Peterborough, United Kingdom,,41.93,19.52,31.32,22.53,42.75,139.17
381,Nairobi, Kenya,,41.76,13.17,28.23,36.97,35.98,30.62
382,Jakarta, Indonesia,,41.6,15.8,29.39,41.08,24.79,28.95
383,Cape Town, South Africa,,41.58,27.38,34.86,32.79,43.81,73.59
384,Bali, Indonesia,,41.48,8.45,25.84,44.51,24.08,27.2
385,Lima, Peru,,41.47,15.51,29.18,36.03,31.08,39.34
386,Olomouc, Czech Republic,,41.27,12.42,27.61,36.53,30.38,79.2
387,Gdynia, Poland,,41.22,13.91,28.29,30.93,38.21,70.1
388,Recife, Brazil,,40.67,8.17,25.29,30.6,32.84,27.96
389,Porto Alegre, Brazil,,40.56,10.49,26.32,28.08,32.38,48.63
390,Ostrava, Czech Republic,,40.55,9.6,25.9,33.62,30.99,84.1
391,Chiang Mai, Thailand,,40.53,11.04,26.57,46.11,20.17,33.13
392,Belo Horizonte, Brazil,,40.48,9.86,25.99,26.77,33.38,35.94
393,Durban, South Africa,,40.48,13.43,27.67,31.46,40.72,98.98
394,Bucharest, Romania,,40.39,12.86,27.36,30.96,39.75,58.57
395,Sofia, Bulgaria,,40.36,12.36,27.1,33.08,32.6,61.94
396,Guangzhou, China,,40.29,18.96,30.19,37.63,27.12,82.93
397,Florianopolis, Brazil,,40.26,12.08,26.92,28.9,36.15,40.22
398,Belgrade, Serbia,,40.1,11.54,26.58,28.17,35.39,41.02
399,Wroclaw, Poland,,40,17.35,29.27,31.51,34.82,76.7
400,Podgorica, Montenegro,,39.83,9.68,25.56,29.54,34.44,52.16
401,Krakow (Cracow), Poland,,39.53,17.33,29.02,29.92,33.78,70.68
402,Port Elizabeth, South Africa,,39.41,11.43,26.17,31.14,36.24,76.26
403,Saint Petersburg, Russia,,39.25,17.55,28.98,30.71,40.88,57.01
404,Sarajevo, Bosnia And Herzegovina,,39.25,9.22,25.03,29.94,29.14,49.7
405,Varna, Bulgaria,,39.13,8.49,24.63,32.69,34.34,52.57
406,Poznan, Poland,,38.99,13.25,26.81,30.18,33.34,77.35
407,Constanta, Romania,,38.89,8.44,24.48,27.69,38.34,53.5
408,Rabat, Morocco,,38.59,13.42,26.67,32.89,26.71,46.21
409,Buenos Aires, Argentina,,38.57,11.75,25.87,29.66,37.47,59.76
410,Bydgoszcz, Poland,,38.54,14.65,27.23,29.79,30.29,66.32
411,Szeged, Hungary,,38.41,9.6,24.77,30.26,28.58,47.26
412,Hanoi, Vietnam,,38.34,13.06,26.37,35.91,21.05,44.08
413,Curitiba, Brazil,,38.34,9.68,24.77,25.26,32.27,38.94
414,Timisoara, Romania,,38.19,10.74,25.2,30.87,35.35,55.46
415,Cluj-Napoca, Romania,,38.13,13.27,26.36,31.34,33.54,56.94
416,Debrecen, Hungary,,38.05,9.29,24.44,29.62,30.17,56.37
417,Suzhou, China,,37.95,15.78,27.45,36.03,30.16,94
418,Manila, Philippines,,37.95,15.8,27.46,31.73,24.11,40.04
419,Istanbul, Turkey,,37.85,11.2,25.24,31.34,27.85,50.13
420,Ho Chi Minh City, Vietnam,,37.82,16.41,27.69,36.25,19.56,30.36
421,Katowice, Poland,,37.48,11.36,25.11,27.9,32.27,77.78
422,Szczecin, Poland,,37.35,12.27,25.48,26.88,30.21,61.98
423,Chelyabinsk, Russia,,37.29,7.64,23.25,32.57,35.96,45
424,Tirana, Albania,,37.25,10.18,24.43,28.33,31.35,35.89
425,Lodz, Poland,,37.13,11.67,25.08,27.34,31.56,71.81
426,Brasov, Romania,,37.13,10.76,24.65,28.62,32.52,60.25
427,Banja Luka, Bosnia And Herzegovina,,36.54,7.47,22.78,28.38,23.94,50.19
428,Iasi, Romania,,36.54,9.89,23.92,29.24,32.88,53.7
429,Plovdiv, Bulgaria,,36.45,7.86,22.92,29.56,30.19,60.2
430,Cebu, Philippines,,36.41,10.52,24.16,34.29,21.53,24.37
431,Yekaterinburg, Russia,,36.41,11.45,24.6,29.43,32.23,53.01
432,Burgas, Bulgaria,,36.26,7.32,22.56,29.78,30.88,53.02
433,Chengdu, China,,36.16,11.63,24.55,33.43,28.2,82.62
434,Cuenca, Ecuador,,36.13,10.63,24.06,31.13,25.89,44.63
435,Lublin, Poland,,36.12,17.45,27.28,27.87,28.86,59.11
436,Colombo, Sri Lanka,,36,10.87,24.11,37.8,21.2,27.54
437,Samara, Russia,,35.96,11.23,24.26,28.06,40.12,42.96
438,Arad, Romania,,35.84,8.62,22.96,28.54,28.06,61.04
439,Surabaya, Indonesia,,35.72,7.03,22.14,38.13,16.96,37.81
440,Casablanca, Morocco,,35.68,15.3,26.03,28.81,28.35,40.76
441,Sibiu, Romania,,35.63,8.99,23.02,28.98,29.59,56.52
442,Bandung, Indonesia,,35.58,7.38,22.23,37.78,15.1,28.81
443,Paramaribo, Suriname,,35.45,6.88,21.93,37.34,28.82,25.91
444,Kaliningrad, Russia,,35.4,7.58,22.23,28.28,36.72,41.5
445,Novi Sad, Serbia,,35.36,7.06,21.97,26.62,27.8,50.21
446,Bogota, Colombia,,35.05,12.63,24.44,26.09,27.92,37.44
447,Yogyakarta, Indonesia,,34.91,7.32,21.85,38.34,13.44,30.83
448,Astana, Kazakhstan,,34.9,12,24.06,27.81,37,41.22
449,Ankara, Turkey,,34.77,6.56,21.42,29.59,25.13,64.55
450,Skopje, Macedonia,,34.68,9,22.52,26.04,28.69,41.45
451,Oradea, Romania,,34.35,7.01,21.41,27.89,26.3,51.3
452,Nis, Serbia,,34.2,5.61,20.66,25.56,29.16,40.99
453,Tehran, Iran,,34.19,18.48,26.75,28.27,29.54,40.89
454,Mexico City, Mexico,,34.18,17.94,26.49,29.88,30.51,51.4
455,Ulaanbaatar, Mongolia,,34.16,9.46,22.47,31.33,24.29,33.64
456,Monterrey, Mexico,,34.12,11.28,23.31,29.17,33.07,79.87
457,Minsk, Belarus,,34.07,10.95,23.13,26.58,38.05,46.29
458,Nizhny Novgorod, Russia,,34.04,10.46,22.88,27.39,34.16,40.78
459,Barranquilla, Colombia,,34.04,9.54,22.44,25.05,24.07,42.73
460,Izmir, Turkey,,34.03,7.94,21.68,28.41,23.59,56.87
461,Medellin, Colombia,,33.82,11.16,23.09,27.87,24.5,34.02
462,Antalya, Turkey,,33.78,6.01,20.64,31.25,27.42,61.79
463,Chisinau, Moldova,,33.75,8.66,21.87,25.05,30.43,32.92
464,Bursa, Turkey,,33.72,5.74,20.48,26.98,21.44,57.91
465,Kazan, Russia,,33.67,11.02,22.95,26.46,39.27,51.62
466,Novosibirsk, Russia,,33.65,10.85,22.86,28.36,31.16,49.09
467,Davao, Philippines,,33.57,7.28,21.13,30.27,20.52,26.4
468,Asuncion, Paraguay,,33.49,10.53,22.62,26.16,26.26,37.3
469,Algiers, Algeria,,33.44,8.93,21.84,33.22,21.35,36.42
470,Lagos, Nigeria,,33.33,30.24,31.86,27.68,27.83,19.41
471,Dumaguete, Philippines,,33.21,7.35,20.97,35.44,16.61,15.06
472,Yerevan, Armenia,,33.16,9.67,22.04,25.4,33.31,33.43
473,Tijuana, Mexico,,32.7,10.75,22.31,27.5,30.98,57.98
474,Almaty, Kazakhstan,,32.51,11.68,22.65,24.5,31.66,43.4
475,Rostov-na-donu, Russia,,32.4,10.43,22,24.78,33.68,41.38
476,Krasnodar, Russia,,32.37,10.48,22.01,25.66,31.59,49.19
477,Kathmandu, Nepal,,31.89,5.15,19.23,27.07,20.72,26.48
478,Craiova, Romania,,31.78,7.23,20.16,25.59,24.92,59.11
479,Voronezh, Russia,,31.74,7.4,20.22,26.77,29.6,50.01
480,Quezon City, Philippines,,31.66,8.34,20.62,26.12,17.97,27.91
481,Dhaka, Bangladesh,,31.57,6.03,19.48,28.1,20.73,41.15
482,Kampala, Uganda,,31.51,9.36,21.02,25.6,25.09,24.38
483,Guadalajara, Mexico,,31.46,9.49,21.06,28.92,28.03,64.69
484,Cancun, Mexico,,31.35,10.3,21.39,26.75,31.52,53.68
485,Queretaro, Mexico,,31.01,9.26,20.72,28.38,27.45,57.83
486,Gurgaon, India,,30.71,9.96,20.89,26.63,27.52,113.89
487,Cali, Colombia,,30.48,7.55,19.62,24.69,23.02,39.31
488,Tbilisi, Georgia,,30.22,10.46,20.87,23.36,29.22,39.57
489,Odessa, Ukraine,,30.13,10.22,20.7,21.03,25.5,31.26
490,Tashkent, Uzbekistan,,29.94,9.43,20.23,24.99,21.66,25.17
491,Puerto Vallarta, Mexico,,29.82,14.71,22.67,26.85,29.38,54.23
492,Kiev, Ukraine,,29.42,14.53,22.37,23.17,23.51,39.37
493,Baku, Azerbaijan,,29.41,9.3,19.89,24.32,31.25,34.29
494,Merida, Mexico,,29.39,5.72,18.19,26.53,24.44,40.29
495,Mumbai, India,,29.03,20.31,24.9,26.63,26.36,67.69
496,Puebla, Mexico,,28.89,6.88,18.47,24.07,24.36,44.8
497,Delhi, India,,28.67,8.73,19.23,25.8,25.3,77.75
498,Noida, India,,28.55,6.18,17.96,25.14,24.53,89.48
499,Dnipro, Ukraine,,27.96,7.41,18.23,20.28,24.78,36.44
500,Caracas, Venezuela,,27.82,8.43,18.64,28.4,23.63,4.18
501,Pune, India,,27.41,7.38,17.93,26.76,22.68,86.55
502,Lviv, Ukraine,,27.24,9.92,19.04,21.17,20.42,30.39
503,Ludhiana, India,,27.17,4.4,16.39,25.51,21.18,68.43
504,Bangalore, India,,26.83,8.6,18.2,26.53,18.7,96.51
505,Kharkiv, Ukraine,,26.71,8.8,18.23,19.4,21.91,31.62
506,Tunis, Tunisia,,26.53,6.83,17.21,24.26,15.87,35.51
507,Pristina, Kosovo (Disputed Territory),,26.24,8.36,17.78,22.23,21.1,68.94
508,Chandigarh, India,,26,5.7,16.39,25.46,19.17,64.37
509,Islamabad, Pakistan,,25.86,7.48,17.16,23.37,19.2,50.11
510,Lahore, Pakistan,,25.83,5.27,16.1,22.76,23.12,39.75
511,Cairo, Egypt,,25.68,5.24,16.01,21.31,23.26,26.31
512,Jaipur, India,,25.46,4.98,15.76,23.87,18.29,77.1
513,Indore, India,,25.4,4.4,15.46,25.73,15.97,50.73
514,Thane, India,,25.31,9.89,18.01,24.18,20.97,81
515,Chennai, India,,25.2,6.9,16.53,25.91,15.97,67.87
516,Kolkata, India,,24.8,6,15.9,23.35,21.09,60.41
517,Lucknow (Lakhnau), India,,24.75,4.44,15.14,23.21,19.82,76.5
518,Goa, India,,24.34,6.21,15.76,24.63,20.14,54.97
519,Ahmedabad, India,,24.24,5.19,15.22,24.89,17.4,70.18
520,Alexandria, Egypt,,23.92,3.67,14.33,21.09,19.02,23.06
521,Karachi, Pakistan,,23.9,6.15,15.5,20.89,18.57,36.66
522,Sumy, Ukraine,,23.84,3.75,14.33,18.01,15.53,28.43
523,Surat, India,,23.77,3.78,14.31,23.78,17.75,66.45
524,Hyderabad, India,,23.59,5.99,15.26,23.02,17.35,78
525,Nagpur, India,,22.76,4.5,14.12,21.62,16.99,98.45
526,Guwahati, India,,22.68,4.04,13.85,22.91,13.7,71.26
527,Mysore, India,,22.41,4.32,13.85,23.87,13.38,45.78
528,Bhubaneswar, India,,22.4,4.4,13.88,23.66,13.42,67
529,Mangalore, India,,22.4,5.05,14.19,22.21,15.92,79.58
530,Coimbatore, India,,22.38,5.21,14.25,22.45,14.39,56.46
531,Bhopal, India,,22.37,3.43,13.41,20.13,15.56,68.22
532,Vadodara, India,,22.28,3.78,13.52,22.26,14.43,74.59
533,Kochi, India,,21.73,5.45,14.02,21.93,12.2,73.42
534,Visakhapatnam, India,,21.52,4.26,13.35,21.09,17.09,55.47
535,Navi Mumbai, India,,19.3,4.7,12.39,19.21,12.55,138.06
536,Thiruvananthapuram, India,,19.26,4.69,12.36,18.14,11.93,68.15
